<?xml version="1.0" encoding="UTF-8"?>

<!-- Place this file in the target project and call it with "External Tools > Run As > Ant Build" -->
<!-- You have to change the MODEL and the TARGET values -->

<project basedir="." default="generatefSample" name="org.eclipse.acceleo.module.workflow2cozmoSample">
	<import file="../../org.eclipse.acceleo.module.workflow2cozmo/tasks/generatef.xml"/>

    <!-- Change the values of MODEL and TARGET to point to your model and output folder -->
	<property name="MODEL" value="${basedir}/model/file.xmi"/>
	<property name="TARGET" value="${basedir}/src-gen"/>

	<target name="generatefSample" description="Generate files in 'TARGET'">
		<antcall target="generatef" >
			<param name="model" value="${MODEL}"/>
			<param name="target" value="${TARGET}"/>
		</antcall>
	</target>
</project>
